local_path,split,label_hint,eval_label,eval_label_strength,dominant_category,all_categories,pred_class,confidence,accept_prob,reject_prob,gate_action,weak_label_match
images/reject_weak/taco_00000_Glass_bottle_5e600256.jpg,,reject_weak,reject,weak_reject_category,Glass bottle,Glass bottle,reject,0.951045,0.048955,0.951045,reject,True
images/reject_weak/taco_00001_Meal_carton_607d7928.jpg,,reject_weak,reject,weak_reject_category,Meal carton,Meal carton|Other carton,reject,0.986374,0.013626,0.986374,reject,True
images/reject_weak/taco_00002_Clear_plastic_bottle_b4e51370.jpg,,reject_weak,reject,weak_reject_category,Clear plastic bottle,Clear plastic bottle|Plastic bottle cap,reject,0.938803,0.061197,0.938803,reject,True
images/reject_weak/taco_00003_Clear_plastic_bottle_2d11562c.jpg,,reject_weak,reject,weak_reject_category,Clear plastic bottle,Clear plastic bottle|Plastic bottle cap|Drink can,accept,0.733240,0.733240,0.266760,reject,False
images/reject_weak/taco_00004_Drink_can_0acc8519.jpg,,reject_weak,reject,weak_reject_category,Drink can,Drink can,reject,0.941929,0.058071,0.941929,reject,True
images/reject_weak/taco_00005_Food_Can_21593e35.jpg,,reject_weak,reject,weak_reject_category,Food Can,Food Can|Other plastic bottle|Plastic bottle cap|Pop tab,reject,0.999374,0.000626,0.999374,reject,True
images/reject_weak/taco_00006_Aerosol_d5272d73.jpg,,reject_weak,reject,weak_reject_category,Aerosol,Aerosol,reject,0.999720,0.000280,0.999720,reject,True
images/reject_weak/taco_00007_Clear_plastic_bottle_13c98895.jpg,,reject_weak,reject,weak_reject_category,Clear plastic bottle,Clear plastic bottle|Plastic bottle cap,reject,0.775979,0.224021,0.775979,reject,True
images/reject_weak/taco_00008_Clear_plastic_bottle_2ec94819.jpg,,reject_weak,reject,weak_reject_category,Clear plastic bottle,Clear plastic bottle,accept,0.850624,0.850624,0.149376,accept,False
images/reject_weak/taco_00009_Food_Can_72309f9a.jpg,,reject_weak,reject,weak_reject_category,Food Can,Food Can|Glass cup|Pop tab,reject,0.993194,0.006806,0.993194,reject,True
images/reject_weak/taco_00012_Other_plastic_bottle_acae0878.jpg,,reject_weak,reject,weak_reject_category,Other plastic bottle,Other plastic bottle|Clear plastic bottle|Glass bottle|Drink carton|Plastic bottle cap|Metal bottle cap,reject,0.993677,0.006323,0.993677,reject,True
images/reject_weak/taco_00014_Other_plastic_bottle_8f340bb6.jpg,,reject_weak,reject,weak_reject_category,Other plastic bottle,Other plastic bottle,reject,0.999628,0.000372,0.999628,reject,True
images/reject_weak/taco_00015_Other_plastic_bottle_b95ce2fe.jpg,,reject_weak,reject,weak_reject_category,Other plastic bottle,Other plastic bottle|Plastic bottle cap,reject,0.974979,0.025021,0.974979,reject,True
images/reject_weak/taco_00016_Aerosol_ad15261b.jpg,,reject_weak,reject,weak_reject_category,Aerosol,Aerosol|Normal paper,reject,0.903291,0.096709,0.903291,reject,True
images/reject_weak/taco_00017_Paper_cup_8c1bde81.jpg,,reject_weak,reject,weak_reject_category,Paper cup,Paper cup,accept,0.970697,0.970697,0.029303,accept,False
images/reject_weak/taco_00018_Drink_can_2ee92ad2.jpg,,reject_weak,reject,weak_reject_category,Drink can,Drink can,accept,0.869971,0.869971,0.130029,accept,False
images/reject_weak/taco_00019_Drink_can_86a1bab2.jpg,,reject_weak,reject,weak_reject_category,Drink can,Drink can|Pop tab,reject,0.574665,0.425335,0.574665,reject,True
images/reject_weak/taco_00020_Food_Can_24bc0222.jpg,,reject_weak,reject,weak_reject_category,Food Can,Food Can|Pop tab,reject,0.995574,0.004426,0.995574,reject,True
images/reject_weak/taco_00021_Food_Can_6a60e8ee.jpg,,reject_weak,reject,weak_reject_category,Food Can,Food Can|Pop tab,reject,0.999998,0.000002,0.999998,reject,True
images/reject_weak/taco_00022_Drink_can_bb8d4e60.jpg,,reject_weak,reject,weak_reject_category,Drink can,Drink can|Pop tab,reject,0.992881,0.007119,0.992881,reject,True
images/reject_weak/taco_00023_Aerosol_d8ceb03f.jpg,,reject_weak,reject,weak_reject_category,Aerosol,Aerosol|Other plastic bottle|Plastic bottle cap,reject,0.999378,0.000622,0.999378,reject,True
images/reject_weak/taco_00024_Aerosol_7deb7cd2.jpg,,reject_weak,reject,weak_reject_category,Aerosol,Aerosol,reject,0.958388,0.041612,0.958388,reject,True
images/reject_weak/taco_00027_Clear_plastic_bottle_ac5a2bf9.jpg,,reject_weak,reject,weak_reject_category,Clear plastic bottle,Clear plastic bottle|Drink can|Pop tab|Plastic bottle cap,reject,0.753048,0.246952,0.753048,reject,True
images/reject_weak/taco_00028_Drink_can_9fdba6dc.jpg,,reject_weak,reject,weak_reject_category,Drink can,Drink can|Clear plastic bottle,reject,0.648707,0.351293,0.648707,reject,True
images/reject_weak/taco_00029_Drink_can_a9207c56.jpg,,reject_weak,reject,weak_reject_category,Drink can,Drink can,reject,0.779649,0.220351,0.779649,reject,True
images/accept_weak/taco_00030_Disposable_food_container_f2a1c540.jpg,,accept_weak,accept,weak_accept_category,Disposable food container,Disposable food container|Cigarette,accept,0.812769,0.812769,0.187231,accept,True
images/reject_weak/taco_00031_Drink_can_80d91479.jpg,,reject_weak,reject,weak_reject_category,Drink can,Drink can,accept,0.591276,0.591276,0.408724,reject,False
images/reject_weak/taco_00032_Drink_can_cdbec646.jpg,,reject_weak,reject,weak_reject_category,Drink can,Drink can,reject,0.649730,0.350270,0.649730,reject,True
images/reject_weak/taco_00033_Food_Can_194a86a7.jpg,,reject_weak,reject,weak_reject_category,Food Can,Food Can|Pop tab,reject,0.997097,0.002903,0.997097,reject,True
images/reject_weak/taco_00036_Clear_plastic_bottle_c4df50d9.jpg,,reject_weak,reject,weak_reject_category,Clear plastic bottle,Clear plastic bottle,reject,0.943256,0.056744,0.943256,reject,True
images/reject_weak/taco_00037_Glass_bottle_aeb3bdb7.jpg,,reject_weak,reject,weak_reject_category,Glass bottle,Glass bottle,accept,0.915366,0.915366,0.084634,accept,False
images/accept_weak/taco_00038_Plastic_film_2a3bbdcd.jpg,,accept_weak,accept,weak_accept_category,Plastic film,Plastic film|Crisp packet,accept,0.915024,0.915024,0.084976,accept,True
images/reject_weak/taco_00039_Glass_bottle_e8e50576.jpg,,reject_weak,reject,weak_reject_category,Glass bottle,Glass bottle,reject,0.735042,0.264958,0.735042,reject,True
images/reject_weak/taco_00040_Glass_bottle_9f235a83.jpg,,reject_weak,reject,weak_reject_category,Glass bottle,Glass bottle,accept,0.639862,0.639862,0.360138,reject,False
images/reject_weak/taco_00041_Drink_can_0d800339.jpg,,reject_weak,reject,weak_reject_category,Drink can,Drink can|Pop tab|Normal paper,reject,0.722929,0.277071,0.722929,reject,True
images/reject_weak/taco_00042_Drink_can_a2887150.jpg,,reject_weak,reject,weak_reject_category,Drink can,Drink can,reject,0.687412,0.312588,0.687412,reject,True
images/reject_weak/taco_00043_Other_plastic_bottle_c1d03c6c.jpg,,reject_weak,reject,weak_reject_category,Other plastic bottle,Other plastic bottle|Glass cup,reject,0.998338,0.001662,0.998338,reject,True
images/reject_weak/taco_00044_Food_Can_128aae8f.jpg,,reject_weak,reject,weak_reject_category,Food Can,Food Can|Pop tab,reject,0.987087,0.012913,0.987087,reject,True
images/reject_weak/taco_00045_Food_Can_4b84c54b.jpg,,reject_weak,reject,weak_reject_category,Food Can,Food Can,reject,0.998906,0.001094,0.998906,reject,True
images/reject_weak/taco_00046_Food_Can_767ef223.jpg,,reject_weak,reject,weak_reject_category,Food Can,Food Can|Pop tab,reject,0.926888,0.073112,0.926888,reject,True
images/reject_weak/taco_00047_Plastic_lid_8647eb70.jpg,,reject_weak,reject,weak_reject_category,Plastic lid,Plastic lid|Metal lid|Egg carton,reject,0.999963,0.000037,0.999963,reject,True
images/reject_weak/taco_00048_Egg_carton_455f715b.jpg,,reject_weak,reject,weak_reject_category,Egg carton,Egg carton,accept,0.551422,0.551422,0.448578,reject,False
images/reject_weak/taco_00049_Egg_carton_63e49dbc.jpg,,reject_weak,reject,weak_reject_category,Egg carton,Egg carton,reject,0.900987,0.099013,0.900987,reject,True
images/reject_weak/taco_00051_Drink_can_fa3606f3.jpg,,reject_weak,reject,weak_reject_category,Drink can,Drink can,accept,0.946730,0.946730,0.053270,accept,False
images/reject_weak/taco_00052_Drink_can_e9327a60.jpg,,reject_weak,reject,weak_reject_category,Drink can,Drink can,accept,0.735627,0.735627,0.264373,reject,False
images/reject_weak/taco_00053_Other_carton_48d7c97e.jpg,,reject_weak,reject,weak_reject_category,Other carton,Other carton,accept,0.818092,0.818092,0.181908,accept,False
images/reject_weak/taco_00058_Paper_bag_e2b1c057.jpg,,reject_weak,reject,weak_reject_category,Paper bag,Paper bag,reject,0.823153,0.176847,0.823153,reject,True
images/reject_weak/taco_00059_Paper_bag_9f37daa0.jpg,,reject_weak,reject,weak_reject_category,Paper bag,Paper bag,reject,0.960351,0.039649,0.960351,reject,True
images/accept_weak/taco_00061_Crisp_packet_8654a8db.jpg,,accept_weak,accept,weak_accept_category,Crisp packet,Crisp packet,reject,0.781007,0.218993,0.781007,reject,False
images/reject_weak/taco_00062_Paper_cup_b70ff0a3.jpg,,reject_weak,reject,weak_reject_category,Paper cup,Paper cup|Plastic lid,reject,0.981755,0.018245,0.981755,reject,True
images/reject_weak/taco_00063_Disposable_plastic_cup_5fbcee6a.jpg,,reject_weak,reject,weak_reject_category,Disposable plastic cup,Disposable plastic cup|Plastic lid|Drink can,reject,0.907960,0.092040,0.907960,reject,True
images/accept_weak/taco_00065_Plastic_utensils_9d6bc2b1.jpg,,accept_weak,accept,weak_accept_category,Plastic utensils,Plastic utensils|Cigarette,reject,0.871674,0.128326,0.871674,reject,False
images/reject_weak/taco_00068_Food_Can_5e06f5de.jpg,,reject_weak,reject,weak_reject_category,Food Can,Food Can|Food waste,reject,0.999937,0.000063,0.999937,reject,True
images/reject_weak/taco_00069_Metal_bottle_cap_63a61735.jpg,,reject_weak,reject,weak_reject_category,Metal bottle cap,Squeezable tube|Metal bottle cap,reject,0.999943,0.000057,0.999943,reject,True
images/reject_weak/taco_00071_Spread_tub_70d283da.jpg,,reject_weak,reject,weak_reject_category,Spread tub,Spread tub,reject,0.951606,0.048394,0.951606,reject,True
images/accept_weak/taco_00073_Single-use_carrier_bag_d3cc4a34.jpg,,accept_weak,accept,weak_accept_category,Single-use carrier bag,Single-use carrier bag|Shoe,reject,0.993454,0.006546,0.993454,reject,False
images/accept_weak/taco_00074_Garbage_bag_cc5dec47.jpg,,accept_weak,accept,weak_accept_category,Garbage bag,Garbage bag,reject,0.746990,0.253010,0.746990,reject,False
images/reject_weak/taco_00077_Plastic_lid_c9c2a8cc.jpg,,reject_weak,reject,weak_reject_category,Plastic lid,Six pack rings|Plastic lid,accept,0.732438,0.732438,0.267562,reject,False
images/reject_weak/taco_00080_Paper_straw_1384911c.jpg,,reject_weak,reject,weak_reject_category,Paper straw,Paper straw|Glass cup,reject,0.745151,0.254849,0.745151,reject,True
images/reject_weak/taco_00081_Corrugated_carton_cdff2416.jpg,,reject_weak,reject,weak_reject_category,Corrugated carton,Corrugated carton|Food waste|Unlabeled litter,reject,0.995691,0.004309,0.995691,reject,True
images/reject_weak/taco_00082_Battery_f0fee36f.jpg,,reject_weak,reject,weak_reject_category,Battery,Aluminium blister pack|Battery|Aerosol|Plastic bottle cap|Squeezable tube,reject,0.945566,0.054434,0.945566,reject,True
images/accept_weak/taco_00083_Plastic_film_71e6f5bf.jpg,,accept_weak,accept,weak_accept_category,Plastic film,Plastic film,reject,0.808547,0.191453,0.808547,reject,False
images/reject_weak/taco_00084_Other_plastic_bottle_29d6819f.jpg,,reject_weak,reject,weak_reject_category,Other plastic bottle,Toilet tube|Other plastic bottle|Plastic bottle cap,reject,0.999997,0.000003,0.999997,reject,True
images/accept_weak/taco_00086_Cigarette_f8b561a2.jpg,,accept_weak,accept,weak_accept_category,Cigarette,Rope & strings|Cigarette,accept,0.991496,0.991496,0.008504,accept,True
images/reject_weak/taco_00090_Paper_cup_baf705f6.jpg,,reject_weak,reject,weak_reject_category,Paper cup,Paper cup|Plastic lid|Unlabeled litter|Normal paper,reject,0.817345,0.182655,0.817345,reject,True
images/accept_weak/taco_00091_Crisp_packet_d7325183.jpg,,accept_weak,accept,weak_accept_category,Crisp packet,Crisp packet,accept,0.933264,0.933264,0.066736,accept,True
images/reject_weak/taco_00092_Food_waste_ad38ae83.jpg,,reject_weak,reject,weak_reject_category,Food waste,Food waste,accept,0.981001,0.981001,0.018999,accept,False
images/accept_weak/taco_00093_Plastic_film_bfca95b3.jpg,,accept_weak,accept,weak_accept_category,Plastic film,Plastic film|Cigarette,reject,0.526459,0.473541,0.526459,reject,False
images/reject_weak/taco_00094_Plastic_bottle_cap_9f441503.jpg,,reject_weak,reject,weak_reject_category,Plastic bottle cap,Plastic bottle cap|Metal bottle cap,accept,0.983173,0.983173,0.016827,accept,False
images/reject_weak/taco_00095_Metal_bottle_cap_832de290.jpg,,reject_weak,reject,weak_reject_category,Metal bottle cap,Metal bottle cap,accept,0.976286,0.976286,0.023714,accept,False
images/reject_weak/taco_00100_Corrugated_carton_0c15c118.jpg,,reject_weak,reject,weak_reject_category,Corrugated carton,Corrugated carton|Food Can|Drink carton|Other carton|Egg carton,reject,0.992784,0.007216,0.992784,reject,True
images/reject_weak/taco_00101_Clear_plastic_bottle_ab5ac83a.jpg,,reject_weak,reject,weak_reject_category,Clear plastic bottle,Clear plastic bottle,accept,0.954004,0.954004,0.045996,accept,False
images/reject_weak/taco_00102_Other_plastic_bottle_57825ca5.jpg,,reject_weak,reject,weak_reject_category,Other plastic bottle,Other plastic bottle|Plastic bottle cap|Unlabeled litter|Squeezable tube|Clear plastic bottle,accept,0.841499,0.841499,0.158501,accept,False
images/reject_weak/taco_00108_Other_plastic_container_c973320a.jpg,,reject_weak,reject,weak_reject_category,Other plastic container,Other plastic container|Unlabeled litter,accept,0.888295,0.888295,0.111705,accept,False
images/reject_weak/taco_00111_Clear_plastic_bottle_f25693eb.jpg,,reject_weak,reject,weak_reject_category,Clear plastic bottle,Unlabeled litter|Clear plastic bottle,reject,0.607641,0.392359,0.607641,reject,True
images/reject_weak/taco_00113_Clear_plastic_bottle_a8f21f35.jpg,,reject_weak,reject,weak_reject_category,Clear plastic bottle,Clear plastic bottle,reject,0.535044,0.464956,0.535044,reject,True
images/reject_weak/taco_00114_Glass_bottle_6f524061.jpg,,reject_weak,reject,weak_reject_category,Glass bottle,Glass bottle,accept,0.873538,0.873538,0.126462,accept,False
images/reject_weak/taco_00119_Aluminium_foil_1a6ff48e.jpg,,reject_weak,reject,weak_reject_category,Aluminium foil,Aluminium foil,accept,0.865610,0.865610,0.134390,accept,False
images/reject_weak/taco_00120_Normal_paper_c85a0acf.jpg,,reject_weak,reject,weak_reject_category,Normal paper,Normal paper,accept,0.893317,0.893317,0.106683,accept,False
images/reject_weak/taco_00124_Clear_plastic_bottle_c60d33a6.jpg,,reject_weak,reject,weak_reject_category,Clear plastic bottle,Clear plastic bottle,reject,0.996244,0.003756,0.996244,reject,True
images/reject_weak/taco_00127_Egg_carton_f8fb4e27.jpg,,reject_weak,reject,weak_reject_category,Egg carton,Egg carton|Polypropylene bag,reject,0.969240,0.030760,0.969240,reject,True
images/reject_weak/taco_00129_Other_plastic_e4dfffcb.jpg,,reject_weak,reject,weak_reject_category,Other plastic,Other plastic,reject,0.886718,0.113282,0.886718,reject,True
images/reject_weak/taco_00130_Clear_plastic_bottle_bb90c754.jpg,,reject_weak,reject,weak_reject_category,Clear plastic bottle,Clear plastic bottle|Scrap metal,reject,0.970113,0.029887,0.970113,reject,True
images/reject_weak/taco_00131_Corrugated_carton_8a9e0077.jpg,,reject_weak,reject,weak_reject_category,Corrugated carton,Corrugated carton,reject,0.544265,0.455735,0.544265,reject,True
images/reject_weak/taco_00134_Plastic_straw_919845e6.jpg,,reject_weak,reject,weak_reject_category,Plastic straw,Plastic straw|Unlabeled litter,reject,0.819001,0.180999,0.819001,reject,True
images/reject_weak/taco_00139_Normal_paper_b4ead943.jpg,,reject_weak,reject,weak_reject_category,Normal paper,Normal paper|Magazine paper|Drink carton|Unlabeled litter,reject,0.985101,0.014899,0.985101,reject,True
images/reject_weak/taco_00140_Plastic_bottle_cap_11a437ab.jpg,,reject_weak,reject,weak_reject_category,Plastic bottle cap,Plastic bottle cap,accept,0.997197,0.997197,0.002803,accept,False
images/reject_weak/taco_00145_Plastic_straw_b1a4df37.jpg,,reject_weak,reject,weak_reject_category,Plastic straw,Plastic straw,reject,0.946683,0.053317,0.946683,reject,True
images/reject_weak/taco_00146_Plastic_bottle_cap_5007fd73.jpg,,reject_weak,reject,weak_reject_category,Plastic bottle cap,Plastic bottle cap,accept,0.848320,0.848320,0.151680,accept,False
images/reject_weak/taco_00147_Other_carton_6ca2834b.jpg,,reject_weak,reject,weak_reject_category,Other carton,Other carton,reject,0.920907,0.079093,0.920907,reject,True
